key,xpath
15_1,/html/body/div[1]/div/div[2]/div[3]/div/div[2]/div/div/div[2]/div[2]/div[1]/div/div/div/div/d   iv/table/tbody/tr[2]/td[2]/div
15_2,/html/body/div[1]/div/div[2]/div[3]/div/div[2]/div/div/div[2]/div[2]/div[1]/div/div/div/div/div/table/tbody/tr[2]/td[3]/div
15_3,/html/body/div[1]/div/div[2]/div[3]/div/div[2]/div/div/div[2]/div[2]/div[1]/div/div/div/div/div/table/tbody/tr[2]/td[4]/div
15_4,/html/body/div[1]/div/div[2]/div[3]/div/div[2]/div/div/div[2]/div[2]/div[1]/div/div/div/div/div/table/tbody/tr[2]/td[5]/div
15_5,/html/body/div[1]/div/div[2]/div[3]/div/div[2]/div/div/div[2]/div[2]/div[1]/div/div/div/div/div/table/tbody/tr[2]/td[6]/div
15_6,/html/body/div[1]/div/div[2]/div[3]/div/div[2]/div/div/div[2]/div[2]/div[1]/div/div/div/div/div/table/tbody/tr[2]/td[2]/div
15_7,/html/body/div[1]/div/div[2]/div[3]/div/div[2]/div/div/div[2]/div[2]/div[1]/div/div/div/div/div/table/tbody/tr[2]/td[3]/div
15_8,/html/body/div[1]/div/div[2]/div[3]/div/div[2]/div/div/div[2]/div[2]/div[1]/div/div/div/div/div/table/tbody/tr[2]/td[4]/div
16_1,/html/body/div[1]/div/div[2]/div[3]/div/div[2]/div/div/div[2]/div[2]/div[1]/div/div/div/div/div/table/tbody/tr[3]/td[2]/div
16_2,/html/body/div[1]/div/div[2]/div[3]/div/div[2]/div/div/div[2]/div[2]/div[1]/div/div/div/div/div/table/tbody/tr[3]/td[3]/div
16_3,/html/body/div[1]/div/div[2]/div[3]/div/div[2]/div/div/div[2]/div[2]/div[1]/div/div/div/div/div/table/tbody/tr[3]/td[4]/div
16_4,/html/body/div[1]/div/div[2]/div[3]/div/div[2]/div/div/div[2]/div[2]/div[1]/div/div/div/div/div/table/tbody/tr[3]/td[5]/div
16_5,/html/body/div[1]/div/div[2]/div[3]/div/div[2]/div/div/div[2]/div[2]/div[1]/div/div/div/div/div/table/tbody/tr[2]/td[6]/div
16_6,/html/body/div[1]/div/div[2]/div[3]/div/div[2]/div/div/div[2]/div[2]/div[1]/div/div/div/div/div/table/tbody/tr[3]/td[2]/div
16_7,/html/body/div[1]/div/div[2]/div[3]/div/div[2]/div/div/div[2]/div[2]/div[1]/div/div/div/div/div/table/tbody/tr[3]/td[3]/div
16_8,/html/body/div[1]/div/div[2]/div[3]/div/div[2]/div/div/div[2]/div[2]/div[1]/div/div/div/div/div/table/tbody/tr[3]/td[4]/div
17_1,/html/body/div[1]/div/div[2]/div[3]/div/div[2]/div/div/div[2]/div[2]/div[1]/div/div/div/div/div/table/tbody/tr[4]/td[2]/div
17_2,/html/body/div[1]/div/div[2]/div[3]/div/div[2]/div/div/div[2]/div[2]/div[1]/div/div/div/div/div/table/tbody/tr[4]/td[3]/div
17_3,/html/body/div[1]/div/div[2]/div[3]/div/div[2]/div/div/div[2]/div[2]/div[1]/div/div/div/div/div/table/tbody/tr[4]/td[4]/div
17_4,/html/body/div[1]/div/div[2]/div[3]/div/div[2]/div/div/div[2]/div[2]/div[1]/div/div/div/div/div/table/tbody/tr[4]/td[5]/div
17_5,/html/body/div[1]/div/div[2]/div[3]/div/div[2]/div/div/div[2]/div[2]/div[1]/div/div/div/div/div/table/tbody/tr[4]/td[6]/div
17_6,/html/body/div[1]/div/div[2]/div[3]/div/div[2]/div/div/div[2]/div[2]/div[1]/div/div/div/div/div/table/tbody/tr[4]/td[2]/div
17_7,/html/body/div[1]/div/div[2]/div[3]/div/div[2]/div/div/div[2]/div[2]/div[1]/div/div/div/div/div/table/tbody/tr[4]/td[3]/div
17_8,/html/body/div[1]/div/div[2]/div[3]/div/div[2]/div/div/div[2]/div[2]/div[1]/div/div/div/div/div/table/tbody/tr[4]/td[4]/div
18_1,/html/body/div[1]/div/div[2]/div[3]/div/div[2]/div/div/div[2]/div[2]/div[1]/div/div/div/div/div/table/tbody/tr[5]/td[2]/div
18_2,/html/body/div[1]/div/div[2]/div[3]/div/div[2]/div/div/div[2]/div[2]/div[1]/div/div/div/div/div/table/tbody/tr[5]/td[3]/div
18_3,/html/body/div[1]/div/div[2]/div[3]/div/div[2]/div/div/div[2]/div[2]/div[1]/div/div/div/div/div/table/tbody/tr[5]/td[4]/div
18_4,/html/body/div[1]/div/div[2]/div[3]/div/div[2]/div/div/div[2]/div[2]/div[1]/div/div/div/div/div/table/tbody/tr[5]/td[5]/div
18_5,/html/body/div[1]/div/div[2]/div[3]/div/div[2]/div/div/div[2]/div[2]/div[1]/div/div/div/div/div/table/tbody/tr[5]/td[6]/div
18_6,/html/body/div[1]/div/div[2]/div[3]/div/div[2]/div/div/div[2]/div[2]/div[1]/div/div/div/div/div/table/tbody/tr[5]/td[2]/div
18_7,/html/body/div[1]/div/div[2]/div[3]/div/div[2]/div/div/div[2]/div[2]/div[1]/div/div/div/div/div/table/tbody/tr[5]/td[3]/div
18_8,/html/body/div[1]/div/div[2]/div[3]/div/div[2]/div/div/div[2]/div[2]/div[1]/div/div/div/div/div/table/tbody/tr[5]/td[4]/div
19_1,/html/body/div[1]/div/div[2]/div[3]/div/div[2]/div/div/div[2]/div[2]/div[1]/div/div/div/div/div/table/tbody/tr[6]/td[2]/div
19_2,/html/body/div[1]/div/div[2]/div[3]/div/div[2]/div/div/div[2]/div[2]/div[1]/div/div/div/div/div/table/tbody/tr[6]/td[3]/div
19_3,/html/body/div[1]/div/div[2]/div[3]/div/div[2]/div/div/div[2]/div[2]/div[1]/div/div/div/div/div/table/tbody/tr[6]/td[4]/div
19_4,/html/body/div[1]/div/div[2]/div[3]/div/div[2]/div/div/div[2]/div[2]/div[1]/div/div/div/div/div/table/tbody/tr[6]/td[5]/div
19_5,/html/body/div[1]/div/div[2]/div[3]/div/div[2]/div/div/div[2]/div[2]/div[1]/div/div/div/div/div/table/tbody/tr[6]/td[6]/div
19_6,/html/body/div[1]/div/div[2]/div[3]/div/div[2]/div/div/div[2]/div[2]/div[1]/div/div/div/div/div/table/tbody/tr[6]/td[2]/div
19_7,/html/body/div[1]/div/div[2]/div[3]/div/div[2]/div/div/div[2]/div[2]/div[1]/div/div/div/div/div/table/tbody/tr[6]/td[3]/div
19_8,/html/body/div[1]/div/div[2]/div[3]/div/div[2]/div/div/div[2]/div[2]/div[1]/div/div/div/div/div/table/tbody/tr[6]/td[4]/div
